{
  "Plant": [
    {
      "PlantName": "딸기",
      "Plant_Minimum_temp": 5,
      "Plant_Maximum_temp": 25,
      "Plant_Minimum_humi": 50,
      "Plant_Maximum_humi": 80,
      "Plant_sun": 12,
      "Plant_mois": 1
    },
    {
      "PlantName": "염좌",
      "Plant_Minimum_temp": 15,
      "Plant_Maximum_temp": 35,
      "Plant_Minimum_humi": 0,
      "Plant_Maximum_humi": 50,
      "Plant_sun": 18,
      "Plant_mois": 15
    },
    {
      "PlantName": "로즈마리",
      "Plant_Minimum_temp": 15,
      "Plant_Maximum_temp": 25,
      "Plant_Minimum_humi": 0,
      "Plant_Maximum_humi": 40,
      "Plant_sun": 18,
      "Plant_mois": 7
    }
  ]
}